timestamp,event,status,model_family,target,dataset,candidates,folds,fits_total,elapsed_seconds,best_score,best_params,message
2026-09-22T23:22:05,run,started,,,,,,,,,,VAEP training run started
2026-09-22T23:22:17,data,ready,,,,,,,,,,"{""men_full_rows"": 3039003, ""women_train_rows"": 1058678, ""women_final_test_rows"": 446416, ""feature_columns"": 142, ""targets"": [""scores"", ""concedes""]}"
2026-09-22T23:22:18,grid_search,started,hist_gradient_boosting,scores,men_full,10,4,40,,,,"rows=3,039,003; features=142; selection_metric=neg_log_loss"
2026-09-23T00:02:49,grid_search,completed,hist_gradient_boosting,scores,men_full,10,4,40,2431.7,-0.0458902429806568,"{""model__l2_regularization"": 0.5, ""model__learning_rate"": 0.02, ""model__max_iter"": 650, ""model__max_leaf_nodes"": 63, ""model__min_samples_leaf"": 35}",
2026-09-23T00:02:51,grid_search,started,hist_gradient_boosting,scores,women_train,10,4,40,,,,"rows=1,058,678; features=142; selection_metric=neg_log_loss"
2026-09-23T00:14:15,grid_search,completed,hist_gradient_boosting,scores,women_train,10,4,40,684.3,-0.052073552431975256,"{""model__l2_regularization"": 0.1, ""model__learning_rate"": 0.025, ""model__max_iter"": 550, ""model__max_leaf_nodes"": 31, ""model__min_samples_leaf"": 35}",
2026-09-23T00:14:25,grid_search,started,hist_gradient_boosting,concedes,men_full,10,4,40,,,,"rows=3,039,003; features=142; selection_metric=neg_log_loss"
2026-09-23T00:36:24,grid_search,completed,hist_gradient_boosting,concedes,men_full,10,4,40,1319.2,-0.013303249023476838,"{""model__l2_regularization"": 0.1, ""model__learning_rate"": 0.025, ""model__max_iter"": 550, ""model__max_leaf_nodes"": 31, ""model__min_samples_leaf"": 35}",
2026-09-23T00:36:25,grid_search,started,hist_gradient_boosting,concedes,women_train,10,4,40,,,,"rows=1,058,678; features=142; selection_metric=neg_log_loss"
2026-09-23T00:44:01,grid_search,completed,hist_gradient_boosting,concedes,women_train,10,4,40,455.3,-0.01668063750824316,"{""model__l2_regularization"": 0.1, ""model__learning_rate"": 0.035, ""model__max_iter"": 450, ""model__max_leaf_nodes"": 15, ""model__min_samples_leaf"": 30}",
2026-09-23T00:44:07,run,completed,,,,,,,,,,VAEP training run completed
